Created Date,Query,Total Results
2024-09-26 13:52:14,forms,16
2024-09-26 00:07:55,apps,7
2024-09-25 23:58:28,target_detail_button,0
2024-09-25 23:58:14,customcodeconfig,0
2024-09-25 23:58:06,integration_points,0
2024-09-25 23:52:29,"target ""button""",57
2024-09-25 23:52:21,target button,57
2024-09-25 23:52:14,vet,0
2024-09-25 23:42:26,target_buttons,1
2024-09-25 23:38:31,button,11
2024-09-25 23:38:19,get_button,0
2024-09-25 10:01:51,docker,3
2024-09-23 14:18:04,aws s3,5
2024-09-12 15:25:36,single-target,55
2024-09-06 20:51:42,var,0
